classification_1,classification_2,classification_3,HOMEOWNER_DESC,classification_5,classification_4,KID_CATEGORY_DESC,household_key
Age Group6,X,Level4,Homeowner,Group5,2,None/Unknown,1
Age Group4,X,Level5,Homeowner,Group5,2,None/Unknown,7
Age Group2,Y,Level3,Unknown,Group4,3,1,8
Age Group2,Y,Level6,Homeowner,Group4,4,2,13
Age Group4,Z,Level5,Homeowner,Group3,1,None/Unknown,16
Age Group6,Z,Level1,Homeowner,Group5,2,None/Unknown,17
Age Group4,X,Level7,Homeowner,Group5,2,None/Unknown,18
Age Group3,Z,Level2,Unknown,Group3,1,None/Unknown,19
Age Group2,X,Level6,Renter,Group5,2,None/Unknown,20
Age Group4,X,Level6,Homeowner,Group5,2,None/Unknown,22
Age Group3,Y,Level5,Unknown,Group6,1,None/Unknown,25
Age Group4,Y,Level3,Probable Renter,Group3,1,None/Unknown,27
Age Group3,Z,Level4,Homeowner,Group5,2,None/Unknown,31
Age Group3,X,Level8,Homeowner,Group5,2,None/Unknown,39
Age Group4,Y,Level1,Homeowner,Group5,2,None/Unknown,40
Age Group6,Y,Level5,Unknown,Group2,1,None/Unknown,42
Age Group3,Z,Level2,Homeowner,Group4,5+,3+,43
Age Group4,X,Level9,Homeowner,Group4,5+,3+,46
Age Group1,Y,Level4,Homeowner,Group5,2,None/Unknown,48
Age Group3,X,Level4,Homeowner,Group5,2,None/Unknown,49
Age Group4,Z,Level5,Homeowner,Group5,2,None/Unknown,52
Age Group6,X,Level4,Homeowner,Group5,2,None/Unknown,55
Age Group5,X,Level7,Homeowner,Group4,4,2,56
Age Group4,Z,Level4,Homeowner,Group5,2,None/Unknown,57
Age Group2,X,Level9,Homeowner,Group4,4,2,58
Age Group4,X,Level1,Homeowner,Group4,5+,3+,67
Age Group3,X,Level3,Homeowner,Group3,2,None/Unknown,71
Age Group6,X,Level2,Homeowner,Group5,2,None/Unknown,74
Age Group3,X,Level7,Homeowner,Group4,5+,3+,77
Age Group5,Y,Level3,Unknown,Group2,1,None/Unknown,78
Age Group4,Y,Level5,Homeowner,Group5,2,None/Unknown,80
Age Group2,Y,Level4,Unknown,Group2,1,None/Unknown,85
Age Group6,Z,Level4,Homeowner,Group2,1,None/Unknown,86
Age Group4,Y,Level6,Unknown,Group3,1,None/Unknown,97
Age Group3,Y,Level4,Unknown,Group1,2,1,98
Age Group4,X,Level1,Homeowner,Group4,4,2,101
Age Group3,X,Level4,Homeowner,Group4,5+,3+,104
Age Group2,Z,Level1,Homeowner,Group1,3,2,105
Age Group2,X,Level2,Homeowner,Group3,2,None/Unknown,109
Age Group2,Y,Level4,Homeowner,Group3,1,None/Unknown,110
Age Group3,X,Level8,Homeowner,Group4,4,2,113
Age Group2,Y,Level4,Homeowner,Group5,2,None/Unknown,114
Age Group6,Z,Level4,Probable Owner,Group5,2,None/Unknown,117
Age Group4,Z,Level4,Homeowner,Group3,1,None/Unknown,118
Age Group4,Y,Level8,Unknown,Group2,1,None/Unknown,119
Age Group4,Y,Level3,Unknown,Group4,3,1,121
Age Group4,Z,Level4,Homeowner,Group5,2,None/Unknown,123
Age Group4,Y,Level3,Unknown,Group3,1,None/Unknown,127
Age Group4,Y,Level5,Unknown,Group5,2,None/Unknown,131
Age Group4,X,Level1,Homeowner,Group2,2,None/Unknown,133
Age Group5,X,Level3,Homeowner,Group3,2,None/Unknown,134
Age Group4,Y,Level5,Unknown,Group6,1,None/Unknown,136
Age Group3,Z,Level6,Homeowner,Group2,1,None/Unknown,139
Age Group4,Y,Level4,Homeowner,Group5,2,None/Unknown,149
Age Group3,Z,Level5,Homeowner,Group4,3,1,155
Age Group1,Y,Level2,Homeowner,Group5,2,None/Unknown,157
Age Group4,Y,Level5,Homeowner,Group6,1,None/Unknown,158
Age Group4,Y,Level1,Homeowner,Group5,2,None/Unknown,159
Age Group1,X,Level6,Unknown,Group4,3,1,161
Age Group4,Y,Level4,Unknown,Group5,2,None/Unknown,164
Age Group5,X,Level4,Homeowner,Group5,2,None/Unknown,165
Age Group2,X,Level5,Homeowner,Group4,3,1,166
Age Group2,X,Level7,Homeowner,Group4,4,2,170
Age Group2,X,Level3,Homeowner,Group1,5+,3+,178
Age Group4,Y,Level3,Unknown,Group2,1,None/Unknown,184
Age Group4,X,Level4,Homeowner,Group2,2,None/Unknown,192
Age Group4,X,Level6,Homeowner,Group5,2,None/Unknown,193
Age Group3,X,Level1,Homeowner,Group4,3,1,198
Age Group4,X,Level2,Homeowner,Group4,5+,3+,201
Age Group4,Y,Level5,Homeowner,Group5,2,None/Unknown,208
Age Group4,Y,Level3,Homeowner,Group4,3,1,209
Age Group6,X,Level4,Homeowner,Group3,2,None/Unknown,211
Age Group3,Y,Level1,Unknown,Group3,1,None/Unknown,212
Age Group5,Z,Level1,Homeowner,Group5,2,None/Unknown,214
Age Group3,Y,Level5,Homeowner,Group6,1,None/Unknown,216
Age Group4,X,Level2,Homeowner,Group5,2,None/Unknown,218
Age Group5,X,Level9,Homeowner,Group5,2,None/Unknown,219
Age Group4,X,Level4,Homeowner,Group5,2,None/Unknown,220
Age Group6,Y,Level2,Unknown,Group6,1,None/Unknown,221
Age Group3,X,Level4,Unknown,Group5,2,None/Unknown,222
Age Group2,Y,Level3,Unknown,Group3,1,None/Unknown,230
Age Group3,Y,Level4,Unknown,Group5,2,None/Unknown,232
Age Group3,X,Level12,Homeowner,Group4,5+,3+,235
Age Group4,Y,Level5,Renter,Group6,1,None/Unknown,239
Age Group4,X,Level6,Homeowner,Group4,5+,3+,242
Age Group6,Y,Level5,Homeowner,Group5,2,None/Unknown,243
Age Group3,X,Level8,Homeowner,Group4,4,2,248
Age Group3,X,Level1,Renter,Group6,3,1,249
Age Group4,X,Level6,Homeowner,Group1,4,2,250
Age Group4,Y,Level1,Unknown,Group3,1,None/Unknown,253
Age Group2,Y,Level5,Homeowner,Group5,2,None/Unknown,256
Age Group2,Y,Level3,Unknown,Group1,3,2,257
Age Group4,Y,Level4,Unknown,Group5,2,None/Unknown,263
Age Group4,Y,Level6,Homeowner,Group5,2,None/Unknown,264
Age Group3,Y,Level4,Unknown,Group2,1,None/Unknown,276
Age Group3,Z,Level5,Homeowner,Group3,1,None/Unknown,281
Age Group4,Y,Level4,Unknown,Group3,1,None/Unknown,282
Age Group2,X,Level5,Homeowner,Group5,2,None/Unknown,283
Age Group4,Z,Level7,Homeowner,Group2,1,None/Unknown,289
Age Group2,Y,Level4,Unknown,Group5,2,None/Unknown,290
Age Group2,X,Level5,Homeowner,Group4,4,2,294
Age Group5,X,Level1,Unknown,Group3,2,None/Unknown,300
Age Group3,X,Level4,Homeowner,Group4,4,2,301
Age Group4,Y,Level4,Homeowner,Group4,3,1,302
Age Group2,Y,Level5,Unknown,Group5,2,None/Unknown,304
Age Group1,Y,Level4,Homeowner,Group4,4,2,306
Age Group2,X,Level6,Homeowner,Group2,2,None/Unknown,309
Age Group4,Y,Level6,Homeowner,Group4,3,1,314
Age Group4,X,Level6,Homeowner,Group2,2,None/Unknown,317
Age Group4,Y,Level4,Homeowner,Group1,4,3+,319
Age Group4,X,Level7,Homeowner,Group5,2,None/Unknown,321
Age Group4,Y,Level5,Unknown,Group3,1,None/Unknown,324
Age Group3,X,Level6,Homeowner,Group4,4,2,325
Age Group2,Y,Level6,Unknown,Group3,1,None/Unknown,329
Age Group3,X,Level8,Homeowner,Group4,5+,3+,332
Age Group4,X,Level1,Homeowner,Group5,2,None/Unknown,334
Age Group6,X,Level5,Homeowner,Group5,2,None/Unknown,346
Age Group4,X,Level5,Homeowner,Group1,4,2,350
Age Group4,Y,Level5,Unknown,Group6,1,None/Unknown,351
Age Group4,X,Level9,Homeowner,Group5,2,None/Unknown,353
Age Group2,X,Level4,Homeowner,Group4,5+,3+,354
Age Group3,Y,Level5,Homeowner,Group5,2,None/Unknown,358
Age Group4,Y,Level5,Unknown,Group6,1,None/Unknown,361
Age Group6,Y,Level5,Unknown,Group2,1,None/Unknown,362
Age Group5,X,Level5,Homeowner,Group5,2,None/Unknown,367
Age Group6,Y,Level5,Unknown,Group5,2,None/Unknown,370
Age Group3,X,Level6,Homeowner,Group4,3,1,371
Age Group4,X,Level5,Homeowner,Group5,2,None/Unknown,377
Age Group5,X,Level5,Homeowner,Group3,2,None/Unknown,378
Age Group2,Z,Level4,Homeowner,Group1,2,1,381
Age Group4,Y,Level5,Homeowner,Group6,1,None/Unknown,383
Age Group2,X,Level5,Homeowner,Group4,5+,3+,385
Age Group3,Z,Level3,Probable Owner,Group3,1,None/Unknown,386
Age Group2,Z,Level5,Homeowner,Group3,1,None/Unknown,387
Age Group3,Y,Level9,Probable Owner,Group3,1,None/Unknown,389
Age Group4,Z,Level3,Renter,Group3,1,None/Unknown,390
Age Group6,Z,Level3,Unknown,Group3,1,None/Unknown,391
Age Group3,X,Level12,Homeowner,Group4,3,1,392
Age Group3,Y,Level3,Unknown,Group2,1,None/Unknown,395
Age Group3,X,Level9,Homeowner,Group4,3,1,400
Age Group2,X,Level3,Unknown,Group6,2,None/Unknown,404
Age Group1,Z,Level3,Homeowner,Group5,2,None/Unknown,409
Age Group5,X,Level4,Homeowner,Group4,5+,3+,410
Age Group3,Y,Level1,Unknown,Group5,2,None/Unknown,411
Age Group6,X,Level2,Homeowner,Group3,2,None/Unknown,412
Age Group4,Y,Level7,Unknown,Group6,1,None/Unknown,413
Age Group4,X,Level4,Unknown,Group3,2,None/Unknown,417
Age Group3,Y,Level4,Unknown,Group4,3,1,418
Age Group4,Y,Level5,Homeowner,Group5,2,None/Unknown,426
Age Group1,Y,Level5,Probable Owner,Group5,2,None/Unknown,428
Age Group1,Y,Level3,Unknown,Group3,1,None/Unknown,432
Age Group3,X,Level2,Homeowner,Group4,3,1,434
Age Group2,X,Level5,Homeowner,Group4,5+,3+,437
Age Group3,X,Level5,Probable Owner,Group5,2,None/Unknown,438
Age Group4,Z,Level5,Homeowner,Group3,1,None/Unknown,441
Age Group2,Y,Level2,Unknown,Group1,2,1,442
Age Group4,X,Level3,Homeowner,Group5,2,None/Unknown,443
Age Group2,Z,Level1,Renter,Group5,2,None/Unknown,451
Age Group5,Y,Level4,Unknown,Group2,1,None/Unknown,454
Age Group1,Z,Level5,Homeowner,Group5,2,None/Unknown,456
Age Group5,X,Level4,Homeowner,Group3,2,None/Unknown,458
Age Group6,Z,Level3,Homeowner,Group3,1,None/Unknown,460
Age Group6,Y,Level7,Unknown,Group2,1,None/Unknown,462
Age Group6,X,Level5,Homeowner,Group5,2,None/Unknown,464
Age Group4,Y,Level6,Probable Owner,Group3,1,None/Unknown,469
Age Group4,Y,Level5,Homeowner,Group6,1,None/Unknown,473
Age Group4,Y,Level4,Unknown,Group3,1,None/Unknown,483
Age Group2,Y,Level2,Unknown,Group5,2,None/Unknown,484
Age Group3,Y,Level3,Homeowner,Group2,1,None/Unknown,485
Age Group5,Y,Level9,Unknown,Group3,1,None/Unknown,489
Age Group3,X,Level6,Homeowner,Group4,5+,3+,490
Age Group4,X,Level6,Unknown,Group3,2,None/Unknown,491
Age Group4,Y,Level5,Homeowner,Group5,2,None/Unknown,492
Age Group5,Y,Level5,Unknown,Group6,1,None/Unknown,493
Age Group3,X,Level12,Homeowner,Group4,3,1,510
Age Group4,Y,Level6,Homeowner,Group5,2,None/Unknown,513
Age Group4,X,Level6,Homeowner,Group5,2,None/Unknown,518
Age Group6,Z,Level4,Homeowner,Group2,1,None/Unknown,523
Age Group4,Y,Level5,Unknown,Group6,1,None/Unknown,526
Age Group4,Y,Level5,Homeowner,Group3,1,None/Unknown,527
Age Group4,Y,Level4,Unknown,Group2,1,None/Unknown,534
Age Group2,Z,Level5,Homeowner,Group3,1,None/Unknown,540
Age Group2,Y,Level4,Unknown,Group3,1,None/Unknown,542
Age Group3,X,Level4,Probable Owner,Group1,3,1,543
Age Group4,Y,Level5,Unknown,Group5,2,None/Unknown,546
Age Group3,Z,Level6,Homeowner,Group5,2,None/Unknown,548
Age Group4,Y,Level6,Homeowner,Group5,2,None/Unknown,553
Age Group1,Y,Level4,Unknown,Group5,2,None/Unknown,560
Age Group1,Y,Level3,Unknown,Group2,1,None/Unknown,567
Age Group3,X,Level12,Homeowner,Group4,3,1,569
Age Group3,X,Level6,Homeowner,Group4,3,1,574
Age Group3,Y,Level5,Unknown,Group3,1,None/Unknown,575
Age Group5,X,Level4,Homeowner,Group2,2,None/Unknown,576
Age Group2,Y,Level5,Unknown,Group2,1,None/Unknown,578
Age Group4,X,Level8,Homeowner,Group6,3,1,582
Age Group3,Z,Level2,Unknown,Group3,1,None/Unknown,583
Age Group1,X,Level4,Renter,Group4,3,1,586
Age Group3,X,Level5,Homeowner,Group4,5+,3+,588
Age Group3,Y,Level4,Unknown,Group2,1,None/Unknown,593
Age Group2,Y,Level4,Unknown,Group4,3,1,595
Age Group4,X,Level2,Homeowner,Group1,3,1,596
Age Group1,Y,Level1,Unknown,Group1,2,1,597
Age Group3,Z,Level3,Unknown,Group3,1,None/Unknown,598
Age Group3,X,Level7,Homeowner,Group4,4,2,601
Age Group2,X,Level6,Homeowner,Group4,4,2,605
Age Group4,Y,Level4,Probable Renter,Group6,1,None/Unknown,606
Age Group4,Y,Level8,Unknown,Group6,1,None/Unknown,607
Age Group2,Z,Level3,Renter,Group1,5+,3+,608
Age Group4,Y,Level5,Unknown,Group6,1,None/Unknown,609
Age Group3,X,Level2,Unknown,Group4,4,2,614
Age Group4,Y,Level4,Unknown,Group2,1,None/Unknown,621
Age Group3,Y,Level2,Unknown,Group3,1,None/Unknown,622
Age Group4,X,Level4,Homeowner,Group4,3,1,623
Age Group4,Y,Level5,Unknown,Group6,1,None/Unknown,624
Age Group3,X,Level4,Homeowner,Group4,3,1,630
Age Group6,X,Level7,Homeowner,Group4,3,1,631
Age Group6,X,Level6,Homeowner,Group5,2,None/Unknown,644
Age Group3,X,Level5,Renter,Group4,4,2,647
Age Group5,X,Level5,Homeowner,Group6,2,None/Unknown,660
Age Group4,Y,Level5,Homeowner,Group6,1,None/Unknown,661
Age Group5,X,Level4,Unknown,Group4,3,1,670
Age Group3,Y,Level4,Homeowner,Group3,1,None/Unknown,671
Age Group3,Y,Level3,Unknown,Group5,2,None/Unknown,672
Age Group3,Y,Level5,Unknown,Group5,2,None/Unknown,675
Age Group4,Y,Level5,Homeowner,Group6,1,None/Unknown,680
Age Group6,X,Level8,Homeowner,Group5,2,None/Unknown,682
Age Group3,X,Level1,Unknown,Group3,2,None/Unknown,685
Age Group3,X,Level8,Homeowner,Group4,3,1,688
Age Group6,Z,Level2,Homeowner,Group3,1,None/Unknown,690
Age Group6,Y,Level4,Homeowner,Group3,1,None/Unknown,692
Age Group4,Y,Level2,Unknown,Group5,2,None/Unknown,693
Age Group3,Z,Level4,Unknown,Group1,3,2,695
Age Group3,Y,Level5,Homeowner,Group5,2,None/Unknown,696
Age Group4,X,Level5,Homeowner,Group5,2,None/Unknown,699
Age Group4,Z,Level5,Homeowner,Group5,2,None/Unknown,706
Age Group2,X,Level7,Homeowner,Group4,5+,3+,707
Age Group3,X,Level7,Homeowner,Group4,4,2,708
Age Group6,X,Level5,Homeowner,Group5,2,None/Unknown,712
Age Group5,Y,Level2,Unknown,Group4,3,1,714
Age Group5,X,Level2,Homeowner,Group5,2,None/Unknown,715
Age Group4,X,Level6,Homeowner,Group4,5+,3+,716
Age Group4,X,Level3,Homeowner,Group4,5+,3+,718
Age Group3,X,Level5,Homeowner,Group5,2,None/Unknown,722
Age Group4,Y,Level3,Unknown,Group3,1,None/Unknown,725
Age Group4,Y,Level4,Homeowner,Group5,2,None/Unknown,731
Age Group5,X,Level6,Homeowner,Group4,4,2,732
Age Group4,X,Level6,Homeowner,Group5,2,None/Unknown,733
Age Group4,X,Level10,Homeowner,Group3,2,None/Unknown,740
Age Group6,Y,Level5,Homeowner,Group4,3,1,741
Age Group3,X,Level2,Renter,Group1,4,2,742
Age Group4,Z,Level1,Homeowner,Group4,3,1,748
Age Group3,X,Level6,Renter,Group3,2,None/Unknown,752
Age Group4,X,Level6,Homeowner,Group4,4,2,753
Age Group3,Y,Level5,Homeowner,Group6,1,None/Unknown,755
Age Group2,X,Level8,Homeowner,Group1,5+,3+,761
Age Group3,X,Level8,Renter,Group3,2,None/Unknown,762
Age Group3,X,Level5,Homeowner,Group4,5+,3+,764
Age Group4,X,Level9,Homeowner,Group5,2,None/Unknown,766
Age Group3,X,Level5,Renter,Group3,2,None/Unknown,768
Age Group2,X,Level5,Homeowner,Group4,5+,3+,770
Age Group4,Y,Level5,Homeowner,Group6,1,None/Unknown,771
Age Group6,Y,Level8,Homeowner,Group4,3,1,779
Age Group4,X,Level7,Homeowner,Group3,2,None/Unknown,784
Age Group6,X,Level6,Homeowner,Group5,2,None/Unknown,785
Age Group1,Y,Level6,Homeowner,Group5,2,None/Unknown,786
Age Group2,Z,Level3,Homeowner,Group2,1,None/Unknown,787
Age Group2,Y,Level1,Unknown,Group1,2,1,788
Age Group4,Y,Level5,Homeowner,Group6,1,None/Unknown,790
Age Group2,Y,Level6,Homeowner,Group5,2,None/Unknown,797
Age Group2,X,Level4,Homeowner,Group5,2,None/Unknown,800
Age Group6,Y,Level4,Homeowner,Group5,2,None/Unknown,802
Age Group2,Y,Level6,Unknown,Group5,2,None/Unknown,803
Age Group3,X,Level6,Homeowner,Group5,2,None/Unknown,806
Age Group4,Y,Level6,Homeowner,Group4,3,1,808
Age Group2,Y,Level5,Unknown,Group3,1,None/Unknown,816
Age Group3,X,Level9,Homeowner,Group4,3,1,817
Age Group3,X,Level5,Homeowner,Group4,3,1,823
Age Group4,X,Level10,Homeowner,Group5,2,None/Unknown,825
Age Group4,Z,Level5,Homeowner,Group1,3,2,831
Age Group3,X,Level6,Homeowner,Group4,5+,3+,840
Age Group4,X,Level11,Homeowner,Group5,2,None/Unknown,844
Age Group1,Z,Level5,Homeowner,Group3,1,None/Unknown,845
Age Group2,Y,Level4,Unknown,Group4,4,2,852
Age Group2,Z,Level10,Unknown,Group3,1,None/Unknown,853
Age Group5,Z,Level4,Homeowner,Group3,1,None/Unknown,856
Age Group6,X,Level4,Homeowner,Group1,3,1,857
Age Group2,Y,Level5,Unknown,Group3,1,None/Unknown,859
Age Group4,Y,Level2,Unknown,Group6,1,None/Unknown,863
Age Group3,Y,Level2,Homeowner,Group3,1,None/Unknown,864
Age Group3,X,Level6,Homeowner,Group4,5+,3+,865
Age Group4,Y,Level2,Unknown,Group1,2,1,866
Age Group4,Y,Level6,Homeowner,Group6,1,None/Unknown,867
Age Group6,X,Level4,Homeowner,Group5,2,None/Unknown,868
Age Group3,X,Level11,Homeowner,Group4,3,1,871
Age Group2,Y,Level3,Unknown,Group4,3,1,875
Age Group2,Y,Level4,Unknown,Group1,3,2,878
Age Group3,Z,Level5,Homeowner,Group5,2,None/Unknown,879
Age Group4,Y,Level5,Unknown,Group5,2,None/Unknown,882
Age Group3,X,Level4,Homeowner,Group5,2,None/Unknown,883
Age Group3,X,Level7,Homeowner,Group5,2,None/Unknown,886
Age Group2,Y,Level9,Homeowner,Group4,3,1,888
Age Group2,X,Level5,Homeowner,Group4,4,2,889
Age Group4,Y,Level9,Unknown,Group2,1,None/Unknown,895
Age Group5,X,Level8,Homeowner,Group5,2,None/Unknown,898
Age Group3,X,Level4,Homeowner,Group5,2,None/Unknown,900
Age Group3,Y,Level4,Unknown,Group2,1,None/Unknown,903
Age Group5,X,Level1,Homeowner,Group3,2,None/Unknown,906
Age Group4,X,Level7,Probable Owner,Group4,3,1,908
Age Group2,X,Level8,Homeowner,Group5,2,None/Unknown,911
Age Group4,Z,Level2,Homeowner,Group5,2,None/Unknown,914
Age Group4,Y,Level2,Unknown,Group3,1,None/Unknown,915
Age Group4,X,Level4,Homeowner,Group4,5+,3+,920
Age Group4,Y,Level4,Unknown,Group6,1,None/Unknown,922
Age Group3,Y,Level1,Homeowner,Group5,2,None/Unknown,926
Age Group4,Z,Level3,Renter,Group1,2,1,929
Age Group1,Y,Level2,Unknown,Group5,2,None/Unknown,932
Age Group4,Y,Level1,Unknown,Group3,1,None/Unknown,934
Age Group4,Y,Level6,Homeowner,Group5,2,None/Unknown,939
Age Group1,X,Level11,Unknown,Group5,2,None/Unknown,941
Age Group1,Y,Level1,Unknown,Group3,1,None/Unknown,946
Age Group6,Z,Level4,Homeowner,Group2,1,None/Unknown,947
Age Group2,Y,Level5,Homeowner,Group5,2,None/Unknown,949
Age Group1,Y,Level1,Unknown,Group3,1,None/Unknown,955
Age Group4,Y,Level5,Homeowner,Group5,2,None/Unknown,956
Age Group3,X,Level8,Homeowner,Group4,5+,3+,960
Age Group3,Z,Level4,Renter,Group1,2,1,968
Age Group2,X,Level4,Homeowner,Group4,3,1,971
Age Group3,X,Level5,Homeowner,Group4,4,2,973
Age Group2,X,Level11,Homeowner,Group4,5+,3+,976
Age Group3,Z,Level4,Homeowner,Group1,2,1,979
Age Group4,X,Level3,Homeowner,Group3,2,None/Unknown,981
Age Group4,Y,Level4,Unknown,Group4,4,2,982
Age Group4,X,Level4,Homeowner,Group4,3,1,983
Age Group2,Y,Level4,Unknown,Group2,1,None/Unknown,986
Age Group4,X,Level4,Homeowner,Group4,3,1,992
Age Group5,X,Level5,Homeowner,Group1,5+,3+,993
Age Group5,X,Level3,Homeowner,Group5,2,None/Unknown,996
Age Group4,Y,Level6,Homeowner,Group2,1,None/Unknown,997
Age Group4,Y,Level5,Homeowner,Group6,1,None/Unknown,1001
Age Group3,Y,Level3,Unknown,Group3,1,None/Unknown,1003
Age Group2,Y,Level2,Unknown,Group2,1,None/Unknown,1004
Age Group3,X,Level4,Unknown,Group6,5+,3+,1012
Age Group4,X,Level2,Unknown,Group4,4,2,1014
Age Group4,Y,Level5,Homeowner,Group6,1,None/Unknown,1015
Age Group4,X,Level4,Homeowner,Group4,5+,3+,1018
Age Group4,X,Level3,Homeowner,Group5,2,None/Unknown,1020
Age Group3,X,Level5,Homeowner,Group4,5+,3+,1021
Age Group2,X,Level1,Homeowner,Group4,4,2,1024
Age Group3,X,Level6,Homeowner,Group5,2,None/Unknown,1031
Age Group5,Y,Level1,Probable Renter,Group2,1,None/Unknown,1038
Age Group2,Z,Level7,Unknown,Group2,1,None/Unknown,1040
Age Group2,Y,Level4,Unknown,Group2,1,None/Unknown,1041
Age Group2,Y,Level6,Homeowner,Group5,2,None/Unknown,1042
Age Group2,X,Level1,Homeowner,Group2,2,None/Unknown,1045
Age Group5,X,Level7,Homeowner,Group5,2,None/Unknown,1053
Age Group3,Y,Level5,Unknown,Group2,1,None/Unknown,1057
Age Group3,Z,Level4,Renter,Group5,2,None/Unknown,1060
Age Group6,Y,Level2,Homeowner,Group5,2,None/Unknown,1062
Age Group3,Y,Level3,Unknown,Group5,2,None/Unknown,1066
Age Group2,Y,Level4,Unknown,Group5,2,None/Unknown,1069
Age Group3,Y,Level5,Homeowner,Group5,2,None/Unknown,1070
Age Group4,X,Level4,Homeowner,Group4,4,2,1074
Age Group2,Z,Level4,Homeowner,Group5,2,None/Unknown,1076
Age Group5,X,Level6,Homeowner,Group5,2,None/Unknown,1081
Age Group4,Y,Level4,Unknown,Group2,1,None/Unknown,1082
Age Group2,Y,Level4,Unknown,Group4,3,1,1084
Age Group4,X,Level6,Homeowner,Group5,2,None/Unknown,1091
Age Group4,X,Level6,Homeowner,Group4,5+,3+,1094
Age Group3,X,Level5,Homeowner,Group4,3,1,1103
Age Group4,X,Level5,Homeowner,Group4,3,1,1113
Age Group3,Z,Level1,Renter,Group4,4,2,1120
Age Group5,X,Level2,Unknown,Group3,2,None/Unknown,1123
Age Group2,Y,Level6,Unknown,Group4,3,1,1128
Age Group5,Y,Level3,Renter,Group4,3,1,1130
Age Group4,Z,Level5,Homeowner,Group4,3,1,1131
Age Group4,Y,Level5,Unknown,Group6,2,1,1135
Age Group6,Z,Level4,Homeowner,Group2,1,None/Unknown,1137
Age Group3,Y,Level2,Unknown,Group5,2,None/Unknown,1138
Age Group4,X,Level5,Homeowner,Group5,2,None/Unknown,1142
Age Group3,Z,Level4,Homeowner,Group1,4,3+,1146
Age Group1,Y,Level3,Unknown,Group5,2,None/Unknown,1147
Age Group4,Y,Level1,Probable Renter,Group2,1,None/Unknown,1151
Age Group4,X,Level4,Homeowner,Group6,2,None/Unknown,1154
Age Group4,Y,Level2,Homeowner,Group5,2,None/Unknown,1158
Age Group4,X,Level2,Homeowner,Group5,2,None/Unknown,1159
Age Group6,Y,Level4,Homeowner,Group3,1,None/Unknown,1160
Age Group3,Y,Level1,Unknown,Group6,1,None/Unknown,1163
Age Group2,Y,Level2,Unknown,Group2,1,None/Unknown,1164
Age Group4,X,Level8,Homeowner,Group4,3,1,1166
Age Group3,Y,Level5,Homeowner,Group4,4,2,1167
Age Group1,X,Level2,Homeowner,Group5,2,None/Unknown,1169
Age Group2,Z,Level5,Unknown,Group2,1,None/Unknown,1172
Age Group2,Y,Level1,Unknown,Group4,5+,3+,1174
Age Group2,X,Level5,Homeowner,Group3,2,None/Unknown,1175
Age Group4,Y,Level2,Unknown,Group3,1,None/Unknown,1178
Age Group3,X,Level5,Homeowner,Group5,2,None/Unknown,1179
Age Group4,X,Level5,Homeowner,Group1,5+,3+,1186
Age Group4,Y,Level4,Renter,Group6,1,None/Unknown,1188
Age Group2,Y,Level4,Homeowner,Group5,2,None/Unknown,1190
Age Group3,X,Level9,Homeowner,Group5,2,None/Unknown,1197
Age Group4,X,Level4,Homeowner,Group4,4,2,1218
Age Group1,X,Level2,Homeowner,Group4,3,1,1219
Age Group4,Y,Level2,Homeowner,Group3,1,None/Unknown,1222
Age Group2,Z,Level4,Homeowner,Group1,3,2,1226
Age Group4,Y,Level7,Unknown,Group3,1,None/Unknown,1228
Age Group5,X,Level9,Homeowner,Group5,2,None/Unknown,1229
Age Group4,Z,Level4,Homeowner,Group5,2,None/Unknown,1234
Age Group3,Y,Level5,Unknown,Group4,3,1,1236
Age Group4,Y,Level1,Homeowner,Group5,2,None/Unknown,1240
Age Group3,X,Level4,Homeowner,Group5,2,None/Unknown,1247
Age Group4,Y,Level5,Unknown,Group1,2,1,1248
Age Group4,Y,Level5,Unknown,Group1,2,1,1256
Age Group4,Y,Level5,Homeowner,Group4,3,1,1257
Age Group4,Y,Level6,Homeowner,Group6,1,None/Unknown,1258
Age Group6,Y,Level5,Homeowner,Group2,1,None/Unknown,1260
Age Group4,X,Level3,Homeowner,Group3,2,None/Unknown,1261
Age Group2,Z,Level2,Unknown,Group2,1,None/Unknown,1263
Age Group4,Y,Level2,Unknown,Group2,1,None/Unknown,1264
Age Group2,Y,Level6,Unknown,Group3,1,None/Unknown,1267
Age Group3,Y,Level1,Homeowner,Group4,4,2,1268
Age Group4,Y,Level2,Unknown,Group3,1,None/Unknown,1270
Age Group6,X,Level4,Homeowner,Group3,2,None/Unknown,1272
Age Group2,Z,Level3,Renter,Group1,3,2,1285
Age Group5,X,Level4,Homeowner,Group2,2,None/Unknown,1291
Age Group6,X,Level3,Homeowner,Group3,2,None/Unknown,1296
Age Group3,Y,Level6,Homeowner,Group6,1,None/Unknown,1297
Age Group3,Y,Level2,Renter,Group4,4,2,1299
Age Group4,X,Level5,Homeowner,Group4,4,2,1300
Age Group1,Z,Level1,Renter,Group1,2,1,1305
Age Group4,Y,Level1,Unknown,Group6,1,None/Unknown,1306
Age Group5,Y,Level4,Unknown,Group5,2,None/Unknown,1316
Age Group6,X,Level5,Homeowner,Group5,2,None/Unknown,1318
Age Group1,Y,Level4,Unknown,Group5,2,None/Unknown,1321
Age Group4,Y,Level1,Homeowner,Group2,1,None/Unknown,1326
Age Group4,Y,Level8,Homeowner,Group4,4,2,1333
Age Group4,Y,Level5,Homeowner,Group4,4,2,1337
Age Group3,Y,Level6,Homeowner,Group5,2,None/Unknown,1352
Age Group6,Z,Level2,Homeowner,Group5,2,None/Unknown,1354
Age Group5,X,Level3,Homeowner,Group5,2,None/Unknown,1357
Age Group2,Y,Level2,Unknown,Group1,2,1,1363
Age Group6,Z,Level7,Homeowner,Group3,1,None/Unknown,1364
Age Group3,Y,Level6,Homeowner,Group4,3,1,1367
Age Group2,Z,Level1,Probable Renter,Group2,1,None/Unknown,1369
Age Group6,Y,Level3,Homeowner,Group5,2,None/Unknown,1370
Age Group5,Y,Level5,Homeowner,Group6,1,None/Unknown,1376
Age Group2,Y,Level7,Unknown,Group3,1,None/Unknown,1378
Age Group4,Y,Level5,Homeowner,Group5,2,None/Unknown,1382
Age Group3,X,Level7,Unknown,Group4,3,1,1388
Age Group6,X,Level7,Homeowner,Group3,2,None/Unknown,1389
Age Group4,X,Level5,Homeowner,Group5,2,None/Unknown,1391
Age Group3,Z,Level9,Homeowner,Group3,1,None/Unknown,1393
Age Group4,X,Level5,Homeowner,Group5,2,None/Unknown,1394
Age Group6,X,Level8,Homeowner,Group5,2,None/Unknown,1396
Age Group4,Z,Level4,Renter,Group3,1,None/Unknown,1397
Age Group5,Y,Level2,Unknown,Group2,1,None/Unknown,1402
Age Group4,X,Level5,Homeowner,Group4,3,1,1412
Age Group2,X,Level4,Homeowner,Group4,3,1,1418
Age Group3,Y,Level4,Unknown,Group3,1,None/Unknown,1419
Age Group3,X,Level5,Homeowner,Group5,2,None/Unknown,1421
Age Group4,Y,Level2,Unknown,Group2,1,None/Unknown,1423
Age Group1,Z,Level5,Unknown,Group4,3,1,1425
Age Group5,Y,Level4,Unknown,Group5,2,None/Unknown,1428
Age Group4,Z,Level4,Renter,Group3,1,None/Unknown,1429
Age Group3,X,Level4,Homeowner,Group4,3,1,1430
Age Group2,X,Level2,Homeowner,Group1,3,1,1437
Age Group4,Y,Level1,Unknown,Group3,1,None/Unknown,1438
Age Group3,Y,Level9,Unknown,Group5,2,None/Unknown,1443
Age Group3,X,Level1,Homeowner,Group5,2,None/Unknown,1445
Age Group4,X,Level8,Homeowner,Group1,5+,3+,1451
Age Group4,X,Level3,Unknown,Group4,3,1,1452
Age Group4,X,Level8,Homeowner,Group4,3,1,1453
Age Group6,X,Level6,Homeowner,Group5,2,None/Unknown,1454
Age Group3,Y,Level3,Homeowner,Group5,2,None/Unknown,1461
Age Group2,X,Level5,Renter,Group5,2,None/Unknown,1462
Age Group3,X,Level5,Probable Owner,Group4,4,2,1467
Age Group6,X,Level6,Homeowner,Group5,2,None/Unknown,1468
Age Group4,Y,Level4,Unknown,Group3,1,None/Unknown,1470
Age Group3,Y,Level5,Homeowner,Group6,1,None/Unknown,1474
Age Group2,Z,Level5,Homeowner,Group2,1,None/Unknown,1475
Age Group4,Y,Level2,Probable Renter,Group6,1,None/Unknown,1479
Age Group1,Y,Level4,Unknown,Group2,1,None/Unknown,1481
Age Group1,Y,Level1,Unknown,Group6,1,None/Unknown,1483
Age Group1,X,Level4,Homeowner,Group5,2,None/Unknown,1484
Age Group3,Y,Level5,Homeowner,Group2,1,None/Unknown,1485
Age Group2,X,Level5,Probable Owner,Group3,2,None/Unknown,1488
Age Group6,Y,Level4,Homeowner,Group5,2,None/Unknown,1491
Age Group6,X,Level2,Homeowner,Group5,2,None/Unknown,1492
Age Group6,Z,Level3,Unknown,Group3,1,None/Unknown,1494
Age Group5,X,Level2,Homeowner,Group5,2,None/Unknown,1499
Age Group4,Y,Level3,Unknown,Group3,1,None/Unknown,1505
Age Group4,X,Level5,Homeowner,Group5,2,None/Unknown,1509
Age Group4,X,Level5,Homeowner,Group4,4,2,1517
Age Group4,X,Level4,Homeowner,Group5,2,None/Unknown,1524
Age Group2,X,Level5,Homeowner,Group5,2,None/Unknown,1527
Age Group3,Z,Level8,Unknown,Group3,1,None/Unknown,1528
Age Group4,Y,Level5,Unknown,Group2,1,None/Unknown,1529
Age Group2,X,Level6,Renter,Group4,3,1,1534
Age Group4,Y,Level5,Unknown,Group6,1,None/Unknown,1536
Age Group1,X,Level4,Renter,Group4,3,1,1537
Age Group4,Y,Level2,Unknown,Group4,4,2,1540
Age Group3,Y,Level5,Unknown,Group6,1,None/Unknown,1541
Age Group4,X,Level4,Homeowner,Group5,2,None/Unknown,1545
Age Group4,Y,Level2,Homeowner,Group6,1,None/Unknown,1549
Age Group4,X,Level4,Homeowner,Group5,2,None/Unknown,1556
Age Group2,X,Level7,Renter,Group1,4,2,1557
Age Group4,X,Level6,Homeowner,Group6,3,1,1563
Age Group3,Y,Level6,Homeowner,Group5,2,None/Unknown,1566
Age Group4,Y,Level2,Renter,Group2,1,None/Unknown,1567
Age Group5,Z,Level4,Homeowner,Group3,1,None/Unknown,1568
Age Group3,X,Level6,Homeowner,Group5,2,None/Unknown,1572
Age Group4,Y,Level2,Unknown,Group5,2,None/Unknown,1578
Age Group1,Z,Level5,Unknown,Group5,2,None/Unknown,1580
Age Group4,Z,Level9,Homeowner,Group3,1,None/Unknown,1585
Age Group3,Y,Level5,Homeowner,Group6,1,None/Unknown,1588
Age Group2,Y,Level3,Unknown,Group3,1,None/Unknown,1591
Age Group4,Y,Level5,Homeowner,Group2,1,None/Unknown,1595
Age Group3,Y,Level4,Probable Owner,Group5,2,None/Unknown,1604
Age Group4,X,Level8,Homeowner,Group4,5+,3+,1609
Age Group3,X,Level6,Homeowner,Group3,2,None/Unknown,1618
Age Group2,Y,Level4,Unknown,Group2,1,None/Unknown,1627
Age Group1,Z,Level1,Renter,Group1,4,3+,1631
Age Group4,X,Level5,Homeowner,Group5,2,None/Unknown,1633
Age Group2,X,Level4,Homeowner,Group4,5+,3+,1634
Age Group3,Y,Level2,Probable Renter,Group3,1,None/Unknown,1648
Age Group3,Z,Level9,Homeowner,Group2,1,None/Unknown,1649
Age Group4,X,Level6,Homeowner,Group4,3,1,1650
Age Group3,Z,Level1,Homeowner,Group3,1,None/Unknown,1653
Age Group3,Y,Level9,Homeowner,Group5,2,None/Unknown,1662
Age Group3,Y,Level6,Unknown,Group5,2,None/Unknown,1676
Age Group4,X,Level6,Homeowner,Group5,2,None/Unknown,1677
Age Group4,Y,Level6,Unknown,Group3,1,None/Unknown,1678
Age Group2,X,Level2,Homeowner,Group4,3,1,1680
Age Group4,Y,Level2,Homeowner,Group5,2,None/Unknown,1686
Age Group4,Y,Level5,Unknown,Group6,1,None/Unknown,1689
Age Group3,Y,Level5,Unknown,Group6,1,None/Unknown,1692
Age Group2,X,Level4,Homeowner,Group4,3,1,1693
Age Group3,Y,Level2,Probable Renter,Group3,1,None/Unknown,1694
Age Group3,Y,Level3,Homeowner,Group2,1,None/Unknown,1695
Age Group4,X,Level5,Homeowner,Group4,3,1,1696
Age Group3,Z,Level3,Unknown,Group3,1,None/Unknown,1707
Age Group4,Y,Level3,Unknown,Group3,1,None/Unknown,1708
Age Group2,X,Level4,Unknown,Group4,3,1,1709
Age Group3,X,Level9,Homeowner,Group2,2,None/Unknown,1710
Age Group4,Y,Level5,Unknown,Group6,1,None/Unknown,1720
Age Group4,Y,Level2,Unknown,Group5,2,None/Unknown,1722
Age Group5,Y,Level6,Homeowner,Group3,1,None/Unknown,1726
Age Group1,Y,Level12,Unknown,Group3,1,None/Unknown,1740
Age Group4,X,Level1,Unknown,Group2,2,None/Unknown,1745
Age Group4,Y,Level4,Unknown,Group2,1,None/Unknown,1748
Age Group5,Z,Level4,Homeowner,Group2,1,None/Unknown,1749
Age Group2,X,Level2,Renter,Group4,4,2,1751
Age Group4,Y,Level4,Homeowner,Group6,1,None/Unknown,1753
Age Group3,Y,Level4,Unknown,Group4,5+,3+,1759
Age Group4,X,Level8,Homeowner,Group4,5+,3+,1762
Age Group4,X,Level6,Homeowner,Group4,4,2,1764
Age Group4,Y,Level4,Unknown,Group2,1,None/Unknown,1765
Age Group4,X,Level6,Homeowner,Group4,5+,3+,1775
Age Group2,X,Level4,Homeowner,Group5,2,None/Unknown,1778
Age Group6,X,Level6,Homeowner,Group5,2,None/Unknown,1779
Age Group2,X,Level4,Homeowner,Group4,5+,3+,1785
Age Group3,X,Level6,Homeowner,Group5,2,None/Unknown,1788
Age Group4,Z,Level7,Homeowner,Group5,2,None/Unknown,1791
Age Group4,Y,Level3,Homeowner,Group5,2,None/Unknown,1795
Age Group1,Y,Level4,Unknown,Group3,1,None/Unknown,1796
Age Group6,Y,Level1,Homeowner,Group3,1,None/Unknown,1797
Age Group3,X,Level10,Homeowner,Group5,2,None/Unknown,1800
Age Group4,Y,Level9,Homeowner,Group5,2,None/Unknown,1802
Age Group1,X,Level5,Homeowner,Group4,3,1,1803
Age Group6,X,Level4,Homeowner,Group5,2,None/Unknown,1804
Age Group4,Y,Level5,Unknown,Group3,1,None/Unknown,1812
Age Group6,Y,Level9,Homeowner,Group5,2,None/Unknown,1814
Age Group4,Y,Level3,Unknown,Group5,2,None/Unknown,1815
Age Group1,Z,Level1,Renter,Group4,5+,3+,1816
Age Group4,X,Level9,Homeowner,Group5,2,None/Unknown,1820
Age Group5,Y,Level4,Unknown,Group5,2,None/Unknown,1822
Age Group4,X,Level6,Homeowner,Group5,2,None/Unknown,1823
Age Group6,X,Level6,Homeowner,Group3,2,None/Unknown,1829
Age Group5,Y,Level6,Homeowner,Group2,1,None/Unknown,1831
Age Group2,Y,Level3,Homeowner,Group1,5+,3+,1833
Age Group4,Y,Level8,Homeowner,Group6,5+,3+,1834
Age Group4,Z,Level4,Homeowner,Group5,2,None/Unknown,1841
Age Group4,X,Level12,Homeowner,Group5,2,None/Unknown,1844
Age Group4,Y,Level10,Unknown,Group4,3,1,1845
Age Group4,Y,Level10,Unknown,Group3,1,None/Unknown,1847
Age Group4,X,Level6,Homeowner,Group6,3,1,1848
Age Group6,X,Level6,Homeowner,Group3,2,None/Unknown,1850
Age Group2,Z,Level9,Homeowner,Group3,1,None/Unknown,1858
Age Group2,Y,Level2,Homeowner,Group4,4,2,1861
Age Group4,Y,Level8,Homeowner,Group1,5+,3+,1864
Age Group4,Y,Level5,Homeowner,Group6,1,None/Unknown,1865
Age Group1,X,Level4,Renter,Group5,2,None/Unknown,1869
Age Group3,Y,Level2,Unknown,Group2,1,None/Unknown,1873
Age Group6,X,Level4,Unknown,Group2,2,None/Unknown,1879
Age Group3,X,Level4,Homeowner,Group4,3,1,1892
Age Group3,X,Level7,Homeowner,Group5,2,None/Unknown,1894
Age Group4,X,Level5,Homeowner,Group5,2,None/Unknown,1896
Age Group2,X,Level3,Homeowner,Group4,3,1,1899
Age Group4,Y,Level4,Homeowner,Group4,3,1,1901
Age Group2,Z,Level5,Unknown,Group2,1,None/Unknown,1907
Age Group3,X,Level5,Unknown,Group2,2,None/Unknown,1911
Age Group5,Z,Level6,Homeowner,Group3,1,None/Unknown,1914
Age Group6,Y,Level2,Unknown,Group3,1,None/Unknown,1917
Age Group3,X,Level4,Homeowner,Group1,5+,3+,1919
Age Group5,X,Level5,Homeowner,Group5,2,None/Unknown,1920
Age Group3,X,Level4,Homeowner,Group5,2,None/Unknown,1921
Age Group1,Z,Level4,Renter,Group3,1,None/Unknown,1923
Age Group2,Y,Level4,Homeowner,Group5,2,None/Unknown,1926
Age Group1,Y,Level1,Unknown,Group6,1,None/Unknown,1927
Age Group3,Z,Level6,Homeowner,Group4,3,1,1928
Age Group3,Z,Level3,Homeowner,Group2,1,None/Unknown,1929
Age Group4,Y,Level5,Homeowner,Group6,1,None/Unknown,1931
Age Group5,X,Level9,Homeowner,Group5,2,None/Unknown,1935
Age Group4,X,Level5,Homeowner,Group5,2,None/Unknown,1937
Age Group3,X,Level5,Homeowner,Group5,2,None/Unknown,1939
Age Group2,Y,Level8,Homeowner,Group4,4,2,1944
Age Group2,Y,Level6,Unknown,Group2,1,None/Unknown,1946
Age Group3,Y,Level5,Homeowner,Group3,1,None/Unknown,1948
Age Group4,Y,Level1,Unknown,Group3,1,None/Unknown,1949
Age Group4,Y,Level5,Homeowner,Group6,1,None/Unknown,1953
Age Group2,Y,Level4,Unknown,Group2,1,None/Unknown,1955
Age Group6,Y,Level3,Unknown,Group5,2,None/Unknown,1962
Age Group6,Y,Level1,Renter,Group2,1,None/Unknown,1964
Age Group2,X,Level5,Homeowner,Group4,3,1,1965
Age Group3,Z,Level6,Renter,Group2,1,None/Unknown,1975
Age Group2,X,Level5,Homeowner,Group4,5+,3+,1976
Age Group4,Y,Level9,Unknown,Group4,3,1,1979
Age Group5,X,Level5,Homeowner,Group3,2,None/Unknown,1980
Age Group2,Y,Level7,Unknown,Group2,1,None/Unknown,1982
Age Group2,Y,Level5,Unknown,Group6,5+,3+,1985
Age Group6,Y,Level2,Homeowner,Group3,1,None/Unknown,1989
Age Group3,X,Level8,Homeowner,Group4,5+,3+,1990
Age Group2,Z,Level3,Unknown,Group1,3,2,1995
Age Group2,Y,Level5,Unknown,Group2,1,None/Unknown,1997
Age Group3,Y,Level4,Homeowner,Group3,1,None/Unknown,2002
Age Group4,Y,Level5,Unknown,Group6,1,None/Unknown,2004
Age Group4,Y,Level1,Unknown,Group2,1,None/Unknown,2006
Age Group4,X,Level5,Homeowner,Group4,3,1,2007
Age Group4,Y,Level6,Homeowner,Group2,1,None/Unknown,2011
Age Group4,X,Level3,Renter,Group2,2,None/Unknown,2012
Age Group1,Y,Level3,Unknown,Group3,1,None/Unknown,2013
Age Group4,X,Level6,Homeowner,Group5,2,None/Unknown,2017
Age Group4,Y,Level5,Unknown,Group6,1,None/Unknown,2018
Age Group3,X,Level7,Unknown,Group4,5+,3+,2020
Age Group4,Y,Level4,Homeowner,Group4,3,1,2023
Age Group2,Z,Level8,Homeowner,Group5,2,None/Unknown,2024
Age Group3,Z,Level6,Homeowner,Group3,1,None/Unknown,2030
Age Group2,Y,Level3,Homeowner,Group2,1,None/Unknown,2040
Age Group3,Z,Level4,Renter,Group5,2,None/Unknown,2041
Age Group3,X,Level3,Homeowner,Group4,5+,3+,2050
Age Group4,X,Level2,Homeowner,Group5,2,None/Unknown,2053
Age Group3,X,Level4,Homeowner,Group5,2,None/Unknown,2057
Age Group2,Z,Level8,Homeowner,Group5,2,None/Unknown,2058
Age Group2,Y,Level3,Unknown,Group5,2,None/Unknown,2062
Age Group5,X,Level6,Homeowner,Group5,2,None/Unknown,2063
Age Group1,Y,Level5,Unknown,Group3,1,None/Unknown,2064
Age Group5,X,Level5,Homeowner,Group3,2,None/Unknown,2068
Age Group3,Y,Level2,Unknown,Group3,1,None/Unknown,2069
Age Group4,Y,Level5,Unknown,Group6,1,None/Unknown,2070
Age Group2,X,Level7,Homeowner,Group4,3,1,2076
Age Group4,X,Level1,Homeowner,Group4,3,1,2082
Age Group5,X,Level8,Homeowner,Group5,2,None/Unknown,2084
Age Group3,X,Level4,Homeowner,Group5,2,None/Unknown,2085
Age Group4,X,Level3,Homeowner,Group5,2,None/Unknown,2086
Age Group4,Z,Level7,Homeowner,Group6,1,None/Unknown,2087
Age Group2,Y,Level4,Unknown,Group3,1,None/Unknown,2088
Age Group3,X,Level1,Homeowner,Group1,3,1,2092
Age Group4,X,Level5,Homeowner,Group5,2,None/Unknown,2094
Age Group3,X,Level2,Homeowner,Group4,5+,3+,2097
Age Group6,X,Level4,Homeowner,Group5,2,None/Unknown,2100
Age Group5,X,Level10,Homeowner,Group5,2,None/Unknown,2102
Age Group3,X,Level6,Homeowner,Group4,5+,3+,2107
Age Group3,X,Level8,Homeowner,Group5,2,None/Unknown,2110
Age Group4,Y,Level6,Homeowner,Group5,2,None/Unknown,2111
Age Group4,X,Level4,Homeowner,Group4,5+,3+,2112
Age Group3,X,Level9,Homeowner,Group4,5+,3+,2115
Age Group3,X,Level6,Homeowner,Group4,5+,3+,2116
Age Group2,Y,Level5,Homeowner,Group2,1,None/Unknown,2119
Age Group5,Z,Level4,Homeowner,Group5,2,None/Unknown,2121
Age Group4,Y,Level6,Homeowner,Group5,2,None/Unknown,2123
Age Group2,X,Level5,Homeowner,Group4,4,2,2124
Age Group2,Y,Level4,Unknown,Group1,2,1,2129
Age Group2,Z,Level5,Homeowner,Group3,1,None/Unknown,2130
Age Group5,X,Level7,Unknown,Group5,2,None/Unknown,2133
Age Group3,Y,Level4,Unknown,Group3,1,None/Unknown,2134
Age Group6,X,Level2,Homeowner,Group5,2,None/Unknown,2140
Age Group2,X,Level6,Homeowner,Group4,3,1,2147
Age Group5,X,Level4,Homeowner,Group4,4,2,2148
Age Group4,X,Level4,Homeowner,Group5,2,None/Unknown,2154
Age Group4,X,Level5,Homeowner,Group5,2,None/Unknown,2156
Age Group2,Z,Level5,Probable Renter,Group3,1,None/Unknown,2158
Age Group4,Y,Level6,Homeowner,Group6,1,None/Unknown,2162
Age Group3,Y,Level5,Unknown,Group3,1,None/Unknown,2168
Age Group2,X,Level7,Homeowner,Group5,2,None/Unknown,2172
Age Group2,Y,Level4,Unknown,Group5,2,None/Unknown,2173
Age Group4,X,Level4,Homeowner,Group4,3,1,2179
Age Group5,X,Level7,Homeowner,Group4,3,1,2181
Age Group4,X,Level6,Homeowner,Group5,2,None/Unknown,2182
Age Group6,X,Level3,Homeowner,Group5,2,None/Unknown,2183
Age Group2,Y,Level5,Unknown,Group3,1,None/Unknown,2184
Age Group2,Y,Level8,Homeowner,Group4,4,2,2185
Age Group3,Y,Level3,Unknown,Group3,1,None/Unknown,2186
Age Group6,Z,Level4,Homeowner,Group5,2,None/Unknown,2188
Age Group3,X,Level5,Homeowner,Group4,4,2,2190
Age Group2,X,Level5,Homeowner,Group5,2,None/Unknown,2193
Age Group5,Z,Level3,Homeowner,Group2,1,None/Unknown,2194
Age Group3,Z,Level3,Unknown,Group3,1,None/Unknown,2198
Age Group1,Y,Level5,Unknown,Group4,3,1,2199
Age Group4,Y,Level1,Unknown,Group2,1,None/Unknown,2200
Age Group4,X,Level5,Homeowner,Group5,2,None/Unknown,2203
Age Group3,Y,Level5,Unknown,Group1,3,2,2208
Age Group2,X,Level4,Renter,Group4,5+,3+,2209
Age Group3,Z,Level2,Unknown,Group3,1,None/Unknown,2217
Age Group6,Z,Level4,Homeowner,Group2,1,None/Unknown,2221
Age Group1,Z,Level12,Homeowner,Group2,1,None/Unknown,2224
Age Group3,X,Level11,Homeowner,Group5,2,None/Unknown,2231
Age Group2,Z,Level9,Homeowner,Group2,1,None/Unknown,2233
Age Group6,X,Level1,Homeowner,Group5,2,None/Unknown,2234
Age Group4,Y,Level10,Homeowner,Group4,3,1,2235
Age Group4,Y,Level5,Homeowner,Group3,1,None/Unknown,2237
Age Group4,X,Level5,Homeowner,Group5,2,None/Unknown,2243
Age Group3,Y,Level6,Unknown,Group6,1,None/Unknown,2250
Age Group4,X,Level5,Homeowner,Group4,4,2,2252
Age Group1,Y,Level4,Unknown,Group2,1,None/Unknown,2254
Age Group4,Y,Level3,Homeowner,Group3,1,None/Unknown,2260
Age Group4,X,Level12,Homeowner,Group5,2,None/Unknown,2264
Age Group2,Z,Level4,Homeowner,Group2,1,None/Unknown,2266
Age Group5,X,Level4,Homeowner,Group5,2,None/Unknown,2269
Age Group6,X,Level3,Homeowner,Group5,2,None/Unknown,2272
Age Group2,Y,Level5,Unknown,Group5,2,None/Unknown,2279
Age Group3,Y,Level2,Homeowner,Group4,3,1,2280
Age Group5,Z,Level10,Homeowner,Group3,1,None/Unknown,2282
Age Group4,X,Level12,Homeowner,Group5,2,None/Unknown,2284
Age Group4,X,Level4,Renter,Group4,5+,3+,2292
Age Group4,Z,Level3,Renter,Group4,4,2,2294
Age Group3,Z,Level4,Renter,Group2,1,None/Unknown,2295
Age Group3,Y,Level8,Homeowner,Group5,2,None/Unknown,2296
Age Group6,X,Level5,Probable Renter,Group3,2,None/Unknown,2298
Age Group4,Y,Level5,Homeowner,Group5,2,None/Unknown,2300
Age Group3,X,Level4,Homeowner,Group1,3,1,2302
Age Group4,Z,Level5,Homeowner,Group3,1,None/Unknown,2305
Age Group4,X,Level6,Homeowner,Group4,3,1,2307
Age Group4,X,Level12,Homeowner,Group5,2,None/Unknown,2312
Age Group4,X,Level8,Homeowner,Group5,2,None/Unknown,2314
Age Group3,X,Level5,Homeowner,Group4,5+,3+,2317
Age Group1,Y,Level1,Unknown,Group3,1,None/Unknown,2318
Age Group4,Y,Level10,Homeowner,Group2,1,None/Unknown,2322
Age Group3,X,Level5,Homeowner,Group5,2,None/Unknown,2324
Age Group4,Y,Level12,Homeowner,Group5,2,None/Unknown,2328
Age Group4,Y,Level5,Homeowner,Group6,1,None/Unknown,2330
Age Group3,X,Level4,Homeowner,Group4,5+,3+,2331
Age Group3,Y,Level5,Homeowner,Group6,1,None/Unknown,2334
Age Group6,Y,Level1,Homeowner,Group1,3,2,2337
Age Group4,Y,Level5,Homeowner,Group6,1,None/Unknown,2341
Age Group5,Y,Level7,Homeowner,Group6,1,None/Unknown,2342
Age Group1,Y,Level5,Unknown,Group2,1,None/Unknown,2343
Age Group4,Y,Level4,Unknown,Group5,2,None/Unknown,2347
Age Group4,X,Level6,Homeowner,Group5,2,None/Unknown,2351
Age Group4,X,Level3,Homeowner,Group5,2,None/Unknown,2359
Age Group2,Z,Level5,Homeowner,Group6,1,None/Unknown,2360
Age Group2,Y,Level4,Unknown,Group5,2,None/Unknown,2361
Age Group4,X,Level3,Renter,Group5,2,None/Unknown,2364
Age Group4,Y,Level1,Unknown,Group5,2,None/Unknown,2367
Age Group2,X,Level1,Homeowner,Group5,2,None/Unknown,2370
Age Group4,Y,Level9,Homeowner,Group5,2,None/Unknown,2374
Age Group4,Y,Level4,Unknown,Group3,1,None/Unknown,2376
Age Group2,X,Level5,Unknown,Group4,5+,3+,2378
Age Group4,Y,Level5,Homeowner,Group6,1,None/Unknown,2380
Age Group2,X,Level5,Unknown,Group3,2,None/Unknown,2390
Age Group3,Y,Level6,Homeowner,Group2,1,None/Unknown,2393
Age Group6,Z,Level8,Unknown,Group5,2,None/Unknown,2397
Age Group3,X,Level3,Homeowner,Group4,3,1,2400
Age Group2,Y,Level2,Unknown,Group3,1,None/Unknown,2405
Age Group2,X,Level8,Homeowner,Group4,3,1,2406
Age Group4,X,Level7,Homeowner,Group5,2,None/Unknown,2407
Age Group6,X,Level1,Homeowner,Group5,2,None/Unknown,2411
Age Group4,Y,Level2,Unknown,Group4,3,1,2420
Age Group4,X,Level9,Homeowner,Group4,5+,3+,2421
Age Group1,Y,Level1,Probable Renter,Group3,1,None/Unknown,2426
Age Group3,X,Level5,Homeowner,Group4,3,1,2427
Age Group1,Y,Level4,Unknown,Group3,1,None/Unknown,2432
Age Group4,Y,Level5,Homeowner,Group1,5+,3+,2435
Age Group3,X,Level8,Homeowner,Group4,5+,3+,2437
Age Group4,Y,Level4,Unknown,Group6,1,None/Unknown,2445
Age Group3,Y,Level8,Homeowner,Group5,2,None/Unknown,2446
Age Group3,X,Level3,Homeowner,Group5,2,None/Unknown,2447
Age Group4,X,Level5,Homeowner,Group5,2,None/Unknown,2448
Age Group3,X,Level10,Homeowner,Group4,5+,3+,2449
Age Group4,Z,Level5,Homeowner,Group3,1,None/Unknown,2453
Age Group4,Z,Level3,Homeowner,Group5,2,None/Unknown,2455
Age Group6,X,Level2,Homeowner,Group3,2,None/Unknown,2465
Age Group3,X,Level6,Homeowner,Group4,3,1,2467
Age Group2,Y,Level9,Homeowner,Group5,2,None/Unknown,2479
Age Group4,Z,Level6,Homeowner,Group2,1,None/Unknown,2483
Age Group3,Z,Level3,Unknown,Group2,1,None/Unknown,2486
Age Group4,Z,Level4,Homeowner,Group3,1,None/Unknown,2488
Age Group3,X,Level5,Homeowner,Group5,2,None/Unknown,2489
Age Group3,Y,Level5,Homeowner,Group5,2,None/Unknown,2494
Age Group4,X,Level6,Homeowner,Group6,3,1,2496
Age Group4,Y,Level4,Unknown,Group2,1,None/Unknown,2497
Age Group2,Y,Level5,Homeowner,Group5,2,None/Unknown,2498
Age Group2,Y,Level1,Unknown,Group4,3,1,2499
